2,CANDLEWOOD SUITES DALLAS MARKET CENTER LOVE FIELD  E X E C U T I V E  S U M M A R Y

6,CANDLEWOOD SUITES DALLAS MARKET CENTER LOVE FIELD  E X E C U T I V E  S U M M A R Y

8,CANDLEWOOD SUITES DALLAS MARKET CENTER LOVE FIELD  E X E C U T I V E  S U M M A R Y

Unnamed: 0,Unnamed: 1,Unnamed: 2,Unnamed: 3,Unnamed: 4,3  M I L E S  F R O M  H O T E L
nan,1 9 1 7 4,2 0,nan,3,nan
nan,YEAR OPENED AIRLINES,GATES,nan,CONCOURSES,nan
20.0,CANDLEWOOD SUITES DALLAS MARKET CENTER LOVE FIELD  L O C AT I O N  O V E R V I E W,nan,nan,nan,nan

4  M I L E S  F R O M  H O T E L,7  M I L E S  F R O M  H O T E L 1 5  M I L E S  F R O M  H O T E L,Unnamed: 0
nan,BAYLOR UNIVERSITY MEDICAL CENTER IS The University of North Texas at Dallas (UNT Dallas) is,nan
1956 YEAR ESTABLISHED,"a public university situated in Dallas, Texas, dedicated HOME TO MORE THAN 20 SPECIALTY CENTERS to providing accessible, high-quality education.",nan
$100M ENDOWMENT (2021),"THAT ARE DESIGNED TO TREAT A RANGE OF Established in 2000, UNT Dallas offers a range of",nan
nan,undergraduate and graduate programs designed to,nan
~2k STUDENTS,MEDICAL CONDITIONSmeet the needs of a diverse student body. Known,nan
744 ACRE CAMPUS,"for its commitment to community engagement 51 HOSPITALS IN THE DALLAS AREA and practical learning, the university emphasizes",nan
"The University of Dallas, a private Catholic institution",800 PATIENT CARE SITES experiential education and strong ties with local industries.,nan
"in Irving, Texas, is known for its liberal arts and",7k+ ACTIVE PHYSICIANS,nan
"classical education. Founded in 1956, it offers","Its programs span various fields, including business,",nan
diverse programs through its four schools and,"49k+ TOTAL EMPLOYEES education, public affairs, and criminal justice,",nan
emphasizes critical thinking and ethical reasoning,equipping students with the skills needed for,nan
through its rigorous Core Curriculum. The university,"Baylor University Medical Center, part of Baylor Scott successful careers. With a focus on inclusivity",nan
prepares students for meaningful lives and,"& White Health, is a renowned faith-based academic and student success, UNT Dallas aims to foster a",nan
successful careers with a vibrant campus life and a,medical center offering advanced quaternary care to supportive and dynamic learning environment.,nan
focus on principled leadership.,"Dallas and beyond. Founded in 1903 with 25 beds, it",nan
nan,"now has 914 beds and serves over 300,000 patients",nan
nan,nan,nan
nan,"annually. It is a key hub for patient care, teaching,",nan
nan,nan,nan
nan,"and research, and is the flagship hospital of Baylor",nan
nan,nan,nan
nan,Scott & White Health – North Texas.,nan
nan,nan,nan
nan,nan,nan
nan,CANDLEWOOD SUITES DALLAS MARKET CENTER LOVE FIELD  L O C AT I O N  O V E R V I E W,21.0

Jan-13,Unnamed: 0,Jan-13.1,Unnamed: 1
Apr-13,20%,Apr-13,Jan-13Apr-13

Unnamed: 0,Oct-13 DaOllacts- 1C3BD/Market Center Submarket Dallas CBD/Market Center SubmOacrkt-e1t3 Forecast,Upscale,Upscale Forecast
nan,Jan-14 Midscale Forecas0%UpJpaenr- 1M4idscale Upper Midscale Forecast Jan-14,Midscale,nan
nan,Apr-14 Apr-14 Apr-14,nan,nan
nan,Jul-14 Jul-14 Jul-14,nan,nan
nan,Oct-14 Oct-14 Oct-14,nan,nan
nan,Jan-15 Jan-15 Jan-15,nan,nan
nan,Apr-15 200.00 Apr-15 ADARpr -C15omparison,nan,nan
nan,Jul-15 Jul-15 Jul-15,nan,nan
nan,Oct-15 180.00 Oct-15 Oct-15,nan,nan
nan,Jan-16 Jan-16 Jan-16,nan,nan
nan,Apr-16 160.00 Apr-16 Apr-16,nan,nan
nan,Jul-16 Jul-16 Jul-16,nan,nan
nan,Oct-16 140.00 Oct-16 Oct-16,nan,nan
nan,Jan-17 Jan-17 Jan-17,nan,nan
nan,Apr-17 120.00 Apr-17 Apr-17,nan,nan
nan,Jul-17 Jul-17 Jul-17,nan,nan
nan,Oct-17 100.00 Oct-17 Oct-17,nan,nan
nan,Jan-18 Jan-18 Jan-18,nan,nan
nan,Apr-18 80.00 Apr-18 Apr-18,nan,nan
nan,Jul-18 Jul-18 Jul-18,nan,nan
nan,Oct-18 60.00 Oct-18 Oct-18,nan,nan
nan,Jan-19 Jan-19 Jan-19,nan,nan
nan,Apr-19 40.00 Apr-19 Apr-19,nan,nan
nan,Jul-19 Jul-19Subject Subject Forecast Jul-19,Comp Set,Comp Set Forecast
nan,Oct-19 20.00 DallasO CctB-1D9/Market Center Submarket Dallas CBD/Market Center SubmarkeOtc Ft-o1r9ecast,Upscale,Upscale Forecast
nan,Jan-20 UppeJra Mn-i2d0scale Upper Midscale Forecast Jan-20,Midscale,Midscale Forecast
nan,Apr-20 0.00 Apr-20 Apr-20,nan,nan
nan,Jul-20 Jul-20 Jul-20,nan,nan
nan,Oct-20 Oct-20 Oct-20,nan,nan
nan,Jan-21 Jan-21 Jan-21,nan,nan
nan,Apr-21 Apr-21 Apr-21,nan,nan
nan,Jul-21 140.00 Jul-21 RevPAR ComparisonJul-21,nan,nan
nan,Oct-21 Oct-21 Oct-21,nan,nan
nan,Jan-22 Jan-22,nan,nan
nan,120.00 Jan-22,nan,nan
nan,Apr-22 Apr-22 Apr-22,nan,nan
nan,Jul-22 Jul-22 Jul-22,nan,nan
nan,Oct-22 100.00 Oct-22 Oct-22,nan,nan
nan,Jan-23 Jan-23 Jan-23,nan,nan
nan,Apr-23 Apr-23 Apr-23,nan,nan
nan,80.00Jul-23 Jul-23 Jul-23,nan,nan
nan,Oct-23 Oct-23 Oct-23,nan,nan
nan,Jan-24 Jan-2460.00 Jan-24,nan,nan
nan,Apr-24 Apr-24 Apr-24,nan,nan
nan,Sep-24 40.00 Sep-24 Sep-24,nan,nan
nan,Dec-24 Dec-24 Dec-24,nan,nan
nan,Mar-25 Mar-25 Mar-25,nan,nan
nan,20.00,nan,nan
nan,Jun-25 SubjecJtun-25 Subject Forecast Jun-25,Comp Set,Comp Set T12 Growth
nan,Upscale ForecastSep-25 DallasS CeBpD-2/5Market Center Submarket Dallas CBD/Market Center Submarket Forecast Sep-25,Upscale,nan
nan,Dec-25 0.00 UpperD Meci-d2s5cale Upper Midscale Forecast Dec-25,Midscale,Midscale Forecast
nan,Mar-26 Mar-26 Mar-26,nan,nan
nan,Jun-26 Jun-26 Jun-26,nan,nan
nan,Sep-26 Sep-26 Sep-26,nan,nan
nan,Dec-26 Dec-26 Dec-26,nan,nan
nan,Mar-27 Mar-27 Mar-27,nan,nan
24.0,Jun-2C7 ANDLEWOOD SUITES DALLAS MARKET CJuEn-2N7 TER LOVE FIELD  F I N A N C I A L  A N A LY S IJun-27,nan,nan
nan,Sep-27 Sep-27SSep-27,nan,nan
nan,Dec-27 Dec-27 Dec-27,nan,nan
nan,Mar-28 Mar-28 Mar-28,nan,nan
nan,Jun-28 Jun-28 Jun-28,nan,nan
nan,Sep-28 Sep-28 Sep-28,nan,nan
nan,Dec-28 Dec-28 Dec-28,nan,nan
nan,Mar-29 Mar-29 Mar-29,nan,nan
nan,Jun-29 Jun-29 Jun-29,nan,nan

Unnamed: 0,90.0%,Unnamed: 1,Unnamed: 2,Occupancy,Unnamed: 3,Unnamed: 4,Unnamed: 5,Unnamed: 6,Unnamed: 7,Unnamed: 8,Unnamed: 9,Unnamed: 10,$140.00,Unnamed: 11,Unnamed: 12,ADR,Unnamed: 13,Unnamed: 14,Unnamed: 15,Unnamed: 16,Unnamed: 17,Unnamed: 18
nan,80.0%,nan,nan,nan,nan,nan,nan,nan,nan,nan,nan,nan,nan,nan,nan,nan,nan,nan,nan,nan,nan,nan
nan,nan,nan,nan,nan,nan,nan,nan,nan,nan,nan,nan,nan,$120.00,nan,nan,nan,nan,nan,nan,nan,nan,nan
nan,70.0%,nan,nan,nan,nan,nan,nan,nan,nan,nan,nan,nan,nan,nan,nan,nan,nan,nan,nan,nan,nan,nan
nan,nan,nan,nan,nan,nan,nan,nan,nan,nan,nan,nan,nan,$100.00,nan,nan,nan,nan,nan,nan,nan,nan,nan
nan,60.0%,nan,nan,nan,nan,nan,nan,nan,nan,nan,nan,nan,nan,nan,nan,nan,nan,nan,nan,nan,nan,nan
nan,50.0%,nan,nan,nan,nan,nan,nan,nan,nan,nan,nan,nan,$80.00,nan,nan,nan,nan,nan,nan,nan,nan,nan
nan,40.0%,nan,nan,nan,nan,nan,nan,nan,nan,nan,nan,nan,$60.00,nan,nan,nan,nan,nan,nan,nan,nan,nan
nan,30.0%,nan,nan,nan,nan,nan,nan,nan,nan,nan,nan,nan,nan,nan,nan,nan,nan,nan,nan,nan,nan,nan
nan,nan,nan,nan,nan,nan,nan,nan,nan,nan,nan,nan,nan,$40.00,nan,nan,nan,nan,nan,nan,nan,nan,nan
nan,20.0%,nan,nan,nan,nan,nan,nan,nan,nan,nan,nan,nan,nan,nan,nan,nan,nan,nan,nan,nan,nan,nan
nan,nan,nan,nan,nan,nan,nan,nan,nan,nan,nan,nan,nan,$20.00,nan,nan,nan,nan,nan,nan,nan,nan,nan
nan,10.0%,nan,nan,nan,nan,nan,nan,nan,nan,nan,nan,nan,nan,nan,nan,nan,nan,nan,nan,nan,nan,nan
nan,0.0%,nan,nan,nan,nan,nan,nan,nan,nan,nan,nan,nan,nan,nan,nan,nan,nan,nan,nan,nan,nan,nan
nan,nan,2013,2014,2015 2016 2017,2018,2019,2020,2021,2022,2023,T-12,nan,nan,2013,2014,2015 2016 2017,2018,2019,2020,2021 2022,2023,T-12
Subject,nan,nan,nan,nan,86.4%,90.3%,73.7%,88.6%,90.0%,84.0%,81.9%,Subject,nan,nan,nan,nan,$75.32,$74.80,$72.63,$74.62 $80.37,$83.71,$84.56
Comp Set,nan,nan,nan,nan,76.8%,79.2%,62.8%,63.9%,69.9%,62.2%,55.0%,Comp Set,nan,nan,nan,nan,$78.95,$78.08,$67.35,$78.18 $87.69,$93.45,$95.42
Dallas CBD/Market Center Submarket,nan,64.4%,67.0%,71.4% 71.9% 71.8%,70.5%,71.4%,44.7%,57.5%,65.1%,67.1%,65.6%,Dallas CBD/Market Center Submarket,nan,$83.76,$87.67,$94.34 $101.07$104.90$108.19$107.98$88.64,nan,nan,nan,$94.91 $115.25$123.45$125.28,nan,nan
Upscale,nan,64.5%,66.2%,69.9% 70.3% 70.4%,70.7%,72.5%,39.6%,52.4%,65.4%,69.3%,68.3%,Upscale,nan,$97.95 $103.59$110.56$117.04$123.38$127.20$127.53$110.97$110.28$133.24$144.29$146.61,nan,nan,nan,nan,nan,nan,nan,nan
Upper Midscale,nan,60.2%,65.7%,72.1% 71.1% 71.4%,67.5%,68.1%,40.6%,57.2%,61.7%,63.2%,62.0%,Upper Midscale,nan,$83.35,$85.22,$92.53 $101.66$102.53$106.19$105.37$86.17,nan,nan,nan,$94.08 $114.56$119.83$120.34,nan,nan
Midscale,nan,70.1%,70.4%,73.0% 75.9% 75.0%,74.4%,73.9%,58.9%,67.2%,69.3%,68.7%,66.3%,Midscale,nan,$59.89,$62.88,$68.04 $72.59 $72.86,$74.64,$73.03,$65.45,$73.90 $83.47,$86.26,$87.75

Unnamed: 0,Unnamed: 1,Unnamed: 2,Annual RevPAR,Unnamed: 3,Unnamed: 4,Unnamed: 5,Unnamed: 6,Unnamed: 7,Unnamed: 8,Unnamed: 9,Unnamed: 10,Unnamed: 11,2013
nan,nan,nan,nan,nan,nan,nan,nan,nan,nan,nan,100.0,nan,nan
nan,$100.00,nan,nan,nan,nan,nan,nan,nan,nan,nan,nan,Monthly RevPAR,2014
nan,nan,nan,nan,nan,nan,nan,nan,nan,nan,nan,90.0,nan,nan
nan,$80.00,nan,nan,nan,nan,nan,nan,nan,nan,nan,nan,nan,2015
nan,nan,nan,nan,nan,nan,nan,nan,nan,nan,nan,80.0,nan,nan
nan,nan,nan,nan,nan,nan,nan,nan,nan,nan,nan,nan,nan,2016
nan,$60.00,nan,nan,nan,nan,nan,nan,nan,nan,nan,70.0,nan,2017
nan,nan,nan,nan,nan,nan,nan,nan,nan,nan,nan,60.0,nan,2018
nan,$40.00,nan,nan,nan,nan,nan,nan,nan,nan,nan,nan,nan,nan
nan,nan,nan,nan,nan,nan,nan,nan,nan,nan,nan,50.0,nan,2019
nan,$20.00,nan,nan,nan,nan,nan,nan,nan,nan,nan,40.0,nan,2020
nan,nan,nan,nan,nan,nan,nan,nan,nan,nan,nan,30.0,nan,2021
nan,2013,nan,2014 2015 2016 2017,2018,2019,2020,2021,2022,2023 T-12,nan,nan,nan,nan
nan,nan,nan,nan,nan,nan,nan,nan,nan,nan,nan,20.0,nan,2022
Subject,nan,nan,nan,$65.06,$67.52,$53.53,$66.12,$72.36,$70.28 $69.28,nan,nan,nan,nan
Comp Set,nan,nan,nan,$60.66,$61.84,$42.26,$49.95,$61.31,$58.12 $52.47,nan,10.0,nan,2023
Dallas CBD/Market Center Submarket,$53.97,nan,$58.78 $67.34 $72.63 $75.27,$76.32,$77.12,$39.60,$54.56,$75.07,$82.86 $82.22,nan,nan,nan,2024
Upscale,JA$N63.18,nan,$68.61 $77.31 $82.29 $86.86,$89.93,$92.40,$43.94,$57.82,$87.18,$99.93 $100.11,nan,0.0,nan,nan
nan,nan,nan,nan,nan,nan,nan,nan,nan,nan,nan,nan,nan,T-12
Upper Midscale,$50.20,nan,$55.98 $66.71 $72.29 $73.26,$71.64,$71.72,$34.99,$53.84,$70.64,$75.78 $74.56,nan,nan,nan,nan
Midscale,$41.99,nan,$44.30 $49.66 $55.10 $54.61,$55.51,$53.97,$38.53,$49.68,$57.84,$59.26 $58.17,nan,nan,nan,nan

Unnamed: 0,$100.00,Unnamed: 1,Unnamed: 2,Unnamed: 3,Unnamed: 4,Unnamed: 5,Unnamed: 6,Unnamed: 7,Unnamed: 8,Unnamed: 9,Unnamed: 10,Unnamed: 11,Unnamed: 12,Unnamed: 13,Unnamed: 14,Unnamed: 15,Monthly RevPAR,2014
nan,nan,nan,nan,nan,nan,nan,nan,nan,nan,nan,nan,nan,nan,90.0,nan,nan,nan,nan
nan,$80.00,nan,nan,nan,nan,nan,nan,nan,nan,nan,nan,nan,nan,nan,nan,nan,nan,2015
nan,nan,nan,nan,nan,nan,nan,nan,nan,nan,nan,nan,nan,nan,80.0,nan,nan,nan,nan
nan,nan,nan,nan,nan,nan,nan,nan,nan,nan,nan,nan,nan,nan,nan,nan,nan,nan,2016
nan,$60.00,nan,nan,nan,nan,nan,nan,nan,nan,nan,nan,nan,nan,70.0,nan,nan,nan,2017
nan,nan,nan,nan,nan,nan,nan,nan,nan,nan,nan,nan,nan,nan,60.0,nan,nan,nan,2018
nan,$40.00,nan,nan,nan,nan,nan,nan,nan,nan,nan,nan,nan,nan,nan,nan,nan,nan,nan
nan,nan,nan,nan,nan,nan,nan,nan,nan,nan,nan,nan,nan,nan,50.0,nan,nan,nan,2019
nan,$20.00,nan,nan,nan,nan,nan,nan,nan,nan,nan,nan,nan,nan,40.0,nan,nan,nan,2020
nan,nan,nan,nan,nan,nan,nan,nan,nan,nan,nan,nan,nan,nan,30.0,nan,nan,nan,2021
nan,2013,nan,2014,2015 2016,nan,2017,2018,2019 2020,nan,2021,2022,2023 T-12,nan,nan,nan,nan,nan,nan
nan,nan,nan,nan,nan,nan,nan,nan,nan,nan,nan,nan,nan,nan,20.0,nan,nan,nan,2022
Subject,nan,nan,nan,nan,nan,nan,$65.06,$67.52 $53.53,nan,$66.12,$72.36,$70.28 $69.28,nan,nan,nan,nan,nan,nan
Comp Set,nan,nan,nan,nan,nan,nan,$60.66,$61.84 $42.26,nan,$49.95,$61.31,$58.12 $52.47,nan,10.0,nan,nan,nan,2023
Dallas CBD/Market Center Submarket,$53.97,nan,$58.78,$67.34 $72.63,nan,$75.27,$76.32,$77.12 $39.60,nan,$54.56,$75.07,$82.86 $82.22,nan,nan,nan,nan,nan,2024
Upscale,JA$N63.18,nan,$68.61,$77.31 $82.29,nan,$86.86,$89.93,$92.40 $43.94,nan,$57.82,$87.18,$99.93 $100.11,nan,0.0,nan,nan,nan,nan
nan,nan,nan,nan,nan,nan,nan,nan,nan,nan,nan,nan,nan,nan,nan,nan,nan,nan,T-12
Upper Midscale,$50.20,nan,$55.98,$66.71 $72.29,nan,$73.26,$71.64,$71.72 $34.99,nan,$53.84,$70.64,$75.78 $74.56,nan,nan,nan,nan,nan,nan
Midscale,$41.99,nan,$44.30,$49.66 $55.10,nan,$54.61,$55.51,$53.97 $38.53,nan,$49.68,$57.84,$59.26 $58.17,nan,nan,nan,nan,nan,nan
nan,FEB,nan,nan,nan,nan,nan,nan,nan,nan,nan,nan,nan,nan,nan,nan,nan,nan,nan
nan,nan,nan,nan,nan,nan,nan,nan,Name,nan,nan,nan,nan,nan,nan,"City, State",Rooms,OpenDate RevPAR Rank *,nan
nan,nan,nan,nan,nan,nan,nan,nan,1 Candlewood Suites Dallas Market Center Love Field,nan,nan,nan,nan,nan,nan,"Dallas, TX",150,Mar 1998 3 of 7 / Midscale,nan
nan,MAR,nan,nan,nan,nan,nan,nan,2 Holiday Inn Dallas Market Center,nan,nan,nan,nan,nan,nan,"Dallas, TX",200,Jun 1971 Upper Midscale,nan
nan,nan,nan,nan,nan,nan,nan,nan,3 Hawthorn Suites by Wyndham Dallas Love Field Airport,nan,nan,nan,nan,nan,nan,"Dallas, TX",98,Jun 1984 Midscale,nan
nan,nan,nan,nan,nan,nan,nan,nan,4 Sonesta ES Suites Dallas Market Center,nan,nan,nan,nan,nan,nan,"Dallas, TX",142,Mar 1989 Upper Midscale,nan
nan,APR,nan,nan,nan,nan,nan,nan,nan,nan,nan,nan,nan,nan,nan,nan,nan,nan,nan
nan,nan,nan,nan,nan,nan,nan,nan,5 Spark by Hilton Dallas Market Center,nan,nan,nan,nan,nan,nan,"Dallas, TX",100,Sep 1997 Midscale,nan
nan,nan,nan,nan,nan,nan,nan,nan,6 Wingate by Wyndham Dallas Love Field,nan,nan,nan,nan,nan,nan,"Dallas, TX",89,Jul 2004 Midscale,nan
nan,MAY,nan,nan,nan,nan,nan,nan,7 La Quinta Inns & Suites Dallas Love Field,nan,nan,nan,nan,nan,nan,"Dallas, TX",102,Sep 2011 Upper Midscale,nan
nan,nan,nan,nan,nan,nan,nan,nan,8 Sleep Inn Dallas Love Field Medical District,nan,nan,nan,nan,nan,nan,"Dallas, TX",70,Apr 2017 Midscale,nan
nan,nan,nan,nan,nan,nan,nan,nan,nan,nan,nan,nan,nan,nan,nan,Total,951,nan,nan
nan,JUN,nan,nan,Comments:,nan,nan,nan,nan,nan,nan,nan,nan,nan,nan,Comp Rooms,801,nan,nan

Unnamed: 0,Unnamed: 1,Unnamed: 2,Unnamed: 3,Unnamed: 4,Unnamed: 5,Unnamed: 6,Unnamed: 7,T12,Unnamed: 8,Unnamed: 9,Unnamed: 10,Unnamed: 11,Unnamed: 12
Occupancy,nan,2018,2019,2020,2021,2022,2023,JUN 2024,YEAR 1,YEAR 2,YEAR 3,YEAR 4,YEAR 5
Subject Property,nan,86.4%,90.3%,73.7%,88.6%,90.0%,84.0%,81.9%,81.9%,87.7%,82.4%,82.4%,82.4%
Competitive Set,nan,76.8%,79.2%,62.8%,63.9%,69.9%,62.2%,55.0%,52.2%,55.9%,52.5%,53.6%,54.7%
Dallas CBD/Market Center Submarket,nan,70.5%,71.4%,44.7%,57.5%,65.1%,67.1%,65.6%,65.0%,69.5%,65.3%,66.7%,68.0%
Upscale,nan,70.7%,72.5%,39.6%,52.4%,65.4%,69.3%,68.3%,68.3%,73.1%,68.7%,70.1%,71.5%
Upper Midscale,nan,67.5%,68.1%,40.6%,57.2%,61.7%,63.2%,62.0%,62.0%,66.3%,62.3%,63.6%,64.8%
Midscale,nan,74.4%,73.9%,58.9%,67.2%,69.3%,68.7%,66.3%,65.0%,69.5%,65.3%,66.6%,68.0%
Comp Set Occupancy Index,nan,112.4%,114.0%,117.5%,138.7%,128.8%,135.0%,149.0%,156.8%,156.8%,156.8%,153.8%,150.7%
Dallas CBD/Market Center Submarket Occupancy Index,nan,122.4%,126.4%,165.0%,154.1%,138.2%,125.1%,124.8%,126.1%,126.1%,126.1%,123.6%,121.2%
Upscale Occupancy Index,nan,122.2%,124.6%,186.1%,169.0%,137.6%,121.2%,120.0%,120.0%,120.0%,120.0%,117.6%,115.3%
Upper Midscale Occupancy Index,nan,128.0%,132.6%,181.5%,154.8%,146.0%,132.7%,132.2%,132.2%,132.2%,132.2%,129.7%,127.1%
Midscale Occupancy Index,nan,116.1%,122.1%,125.2%,131.8%,129.9%,122.2%,123.6%,126.1%,126.1%,126.1%,123.6%,121.2%
% Change,nan,nan,nan,nan,nan,nan,nan,nan,nan,nan,nan,nan,nan
Subject Property,nan,nan,4.5%,-18.3%,20.2%,1.6%,-6.7%,-6.4%,0.0%,7.0%,-6.0%,0.0%,0.0%
Competitive Set,nan,nan,3.1%,-20.8%,1.8%,9.4%,-11.1%,-20.2%,-5.0%,7.0%,-6.0%,2.0%,2.0%
Dallas CBD/Market Center Submarket,nan,-1.7%,1.2%,-37.5%,28.7%,13.3%,3.0%,-2.1%,-1.0%,7.0%,-6.0%,2.0%,2.0%
Upscale,nan,0.4%,2.5%,-45.4%,32.4%,24.8%,5.8%,-0.1%,0.0%,7.0%,-6.0%,2.0%,2.0%
Upper Midscale,nan,-5.6%,0.9%,-40.3%,40.9%,7.8%,2.6%,-2.1%,0.0%,7.0%,-6.0%,2.0%,2.0%
Midscale,nan,-0.8%,-0.6%,-20.3%,14.2%,3.1%,-0.8%,-4.6%,-2.0%,7.0%,-6.0%,2.0%,2.0%
nan,nan,nan,nan,nan,nan,nan,nan,T12,nan,nan,nan,nan,nan
ADR,nan,2018,2019,2020,2021,2022,2023,JUN 2024,YEAR 1,YEAR 2,YEAR 3,YEAR 4,YEAR 5
Subject Property,nan,$75.32,$74.80,$72.63,$74.62,$80.37,$83.71,$84.56,$89.63,$102.18,$106.27,$109.45,$112.74
Competitive Set,nan,$78.95,$78.08,$67.35,$78.18,$87.69,$93.45,$95.42,$100.19,$110.21,$112.42,$114.67,$116.96
Dallas CBD/Market Center Submarket,nan,$108.19,$107.98,$88.64,$94.91,$115.25,$123.45,$125.28,$129.04,$141.94,$144.78,$147.68,$150.63
Upscale,nan,$127.20,$127.53,$110.97,$110.28,$133.24,$144.29,$146.61,$152.47,$167.72,$171.08,$174.50,$177.99
Upper Midscale,nan,$106.19,$105.37,$86.17,$94.08,$114.56,$119.83,$120.34,$121.54,$133.70,$136.37,$139.10,$141.88
Midscale,nan,$74.64,$73.03,$65.45,$73.90,$83.47,$86.26,$87.75,$89.51,$98.46,$100.42,$102.43,$104.48
Comp Set ADR Index,nan,95.4%,95.8%,107.8%,95.4%,91.7%,89.6%,88.6%,89.5%,92.7%,94.5%,95.5%,96.4%
Dallas CBD/Market Center Submarket ADR Index,nan,69.6%,69.3%,81.9%,78.6%,69.7%,67.8%,67.5%,69.5%,72.0%,73.4%,74.1%,74.8%
Upscale ADR Index,nan,59.2%,58.7%,65.4%,67.7%,60.3%,58.0%,57.7%,58.8%,60.9%,62.1%,62.7%,63.3%
Upper Midscale ADR Index,nan,70.9%,71.0%,84.3%,79.3%,70.2%,69.9%,70.3%,73.7%,76.4%,77.9%,78.7%,79.5%
Midscale ADR Index,nan,100.9%,102.4%,111.0%,101.0%,96.3%,97.0%,96.4%,100.1%,103.8%,105.8%,106.9%,107.9%

Subject Property,Unnamed: 0,-0.7%,-2.9%,2.8%,7.7%,4.2%,1.3%,6.0%,14.0%,4.0%,3.0%,3.0%.1
Competitive Set,nan,-1.1%,-13.7%,16.1%,12.2%,6.6%,5.5%,5.0%,10.0%,2.0%,2.0%,2.0%
Dallas CBD/Market Center Submarket,3.1%,-0.2%,-17.9%,7.1%,21.4%,7.1%,4.0%,3.0%,10.0%,2.0%,2.0%,2.0%
Upscale,3.1%,0.3%,-13.0%,-0.6%,20.8%,8.3%,4.9%,4.0%,10.0%,2.0%,2.0%,2.0%
Upper Midscale,3.6%,-0.8%,-18.2%,9.2%,21.8%,4.6%,1.5%,1.0%,10.0%,2.0%,2.0%,2.0%
Midscale,2.4%,-2.2%,-10.4%,12.9%,12.9%,3.3%,3.1%,2.0%,10.0%,2.0%,2.0%,2.0%

Unnamed: 0,Unnamed: 1,Unnamed: 2,Unnamed: 3,Unnamed: 4,Unnamed: 5,Unnamed: 6,Unnamed: 7,T12,Unnamed: 8,Unnamed: 9,Unnamed: 10,Unnamed: 11,Unnamed: 12
RevPAR,nan,2018,2019,2020,2021,2022,2023,JUN 2024,YEAR 1,YEAR 2,YEAR 3,YEAR 4,YEAR 5
Subject Property,nan,$65.06,$67.52,$53.53,$66.12,$72.36,$70.28,$69.28,$73.44,$89.58,$87.57,$90.20,$92.90
Competitive Set,nan,$60.66,$61.84,$42.26,$49.95,$61.31,$58.12,$52.47,$52.34,$61.61,$59.07,$61.46,$63.94
Dallas CBD/Market Center Submarket,nan,$76.32,$77.12,$39.60,$54.56,$75.07,$82.86,$82.22,$83.84,$98.67,$94.61,$98.43,$102.41
Upscale,nan,$89.93,$92.40,$43.94,$57.82,$87.18,$99.93,$100.11,$104.12,$122.55,$117.50,$122.25,$127.18
Upper Midscale,nan,$71.64,$71.72,$34.99,$53.84,$70.64,$75.78,$74.56,$75.30,$88.63,$84.98,$88.41,$91.99
Midscale,nan,$55.51,$53.97,$38.53,$49.68,$57.84,$59.26,$58.17,$58.15,$68.44,$65.62,$68.27,$71.03
Comp Set RevPAR Index,nan,107.3%,109.2%,126.7%,132.4%,118.0%,120.9%,132.0%,140.3%,145.4%,148.3%,146.8%,145.3%
Dallas CBD/Market Center Submarket RevPAR Index,nan,85.2%,87.6%,135.2%,121.2%,96.4%,84.8%,84.3%,87.6%,90.8%,92.6%,91.6%,90.7%
Upscale RevPAR Index,nan,72.3%,73.1%,121.8%,114.3%,83.0%,70.3%,69.2%,70.5%,73.1%,74.5%,73.8%,73.0%
Upper Midscale RevPAR Index,nan,90.8%,94.1%,153.0%,122.8%,102.4%,92.7%,92.9%,97.5%,101.1%,103.0%,102.0%,101.0%
Midscale RevPAR Index,nan,117.2%,125.1%,138.9%,133.1%,125.1%,118.6%,119.1%,126.3%,130.9%,133.5%,132.1%,130.8%
% Change,nan,nan,nan,nan,nan,nan,nan,nan,nan,nan,nan,nan,nan
Subject Property,nan,nan,3.8%,-20.7%,23.5%,9.4%,-2.9%,-5.2%,6.0%,21.0%,-2.0%,3.0%,3.0%
Competitive Set,nan,nan,1.9%,-31.7%,18.2%,22.7%,-5.2%,-15.8%,0.0%,17.0%,-4.0%,4.0%,4.0%
Dallas CBD/Market Center Submarket,nan,1.4%,1.1%,-48.7%,37.8%,37.6%,10.4%,1.8%,2.0%,17.0%,-4.0%,4.0%,4.0%
Upscale,nan,3.5%,2.7%,-52.4%,31.6%,50.8%,14.6%,4.8%,4.0%,17.0%,-4.0%,4.0%,4.0%
Upper Midscale,nan,-2.2%,0.1%,-51.2%,53.9%,31.2%,7.3%,-0.6%,1.0%,17.0%,-4.0%,4.0%,4.0%
Midscale,nan,1.7%,-2.8%,-28.6%,28.9%,16.4%,2.5%,-1.6%,0.0%,17.0%,-4.0%,4.0%,4.0%
SUBJECT REVENUE,nan,"3,561,817","3,696,649","2,938,898","3,619,872","3,961,572","3,847,772","3,803,477","4,020,671","4,904,414","4,794,555","4,938,392","5,086,543"

4,Hawthorn Suites by Wyndham Dallas Love Field Airport,7900 Brookriver Dr,Dallas,TX,98,Midscale,Dallas CBD/Market Center,Interior,3,1979,2017
5,Sleep Inn Dallas Love Field Medical District,1165 Empire Central Pl,Dallas,TX,70,Midscale,Dallas CBD/Market Center,Interior,2,2017,0
6,Spark by Hilton Dallas Market Center,2979 N Stemmons Fwy,Dallas,TX,100,Midscale,Dallas CBD/Market Center,Interior,3,1997,2024
7,Wingate by Wyndham Dallas Love Field,8650 N Stemmons Fwy,Dallas,TX,89,Midscale,Dallas CBD/Market Center,Interior,3,1998,0

Unnamed: 0,2023,Unnamed: 1,Unnamed: 2,Unnamed: 3,T12 MAY 2024,Unnamed: 4,Unnamed: 5,Unnamed: 6,LS 2023 HOST,Unnamed: 7,Unnamed: 8
Guest Rooms,150,nan,nan,nan,150,nan,nan,nan,1 27,nan,nan
Rooms Available,"54,750",nan,nan,nan,"54,900",nan,nan,nan,"46,355",nan,nan
Occupied Rooms,"45,964",nan,nan,nan,"45,067",nan,nan,nan,"32,912",nan,nan
Occupancy %,84.0%,nan,nan,nan,82.1%,nan,nan,nan,71.0%,nan,nan
ADR,$86.07,nan,nan,nan,$88.90,nan,nan,nan,$123.83,nan,nan
RevPAR,$72.26,nan,nan,nan,$72.98,nan,nan,nan,$87.92,nan,nan
P&L Summary,2023,%,CPOR,PAR,T12 MAY 2024,%,CPOR,PAR,LS 2023 HOST,CPOR,PAR
Room Revenue,"3,956,323",100.0%,86.07,"26,375","4,006,552",100.0%,88.90,"26,710",94.7%,1 23.83,"31,854"
Total Income,"3,956,323",100.0%,86.07,"26,375","4,006,552",100.0%,88.90,"26,710",100.0%,nan,nan
Distributed Expenses,nan,nan,nan,nan,nan,nan,nan,nan,nan,nan,nan
Room Expenses,"1,046,127",26.4%,22.76,"6,974","1,279,433",31.9%,28.39,"8,530",24.8%,3 1.82,"8,178"
Undistributed Expenses,nan,nan,nan,nan,nan,nan,nan,nan,nan,nan,nan
Admin & General,"390,154",9.9%,8.49,"2,601","398,108",9.9%,8.83,"2,654",10.8%,1 3.70,"3 ,527"
Information & Telcomm Systems,"55,120",1.4%,1.20,367,"62,161",1.6%,1.38,414,0.8%,1.03,264
Sales & Marketing,"4,354",0.1%,0.09,2 9,"4,703",0.1%,0.10,3 1,5.6%,7.71,"1,981"
Franchise Fees,"481,793",12.2%,10.48,"3,212","477,734",11.9%,10.60,"3,185",4.0%,5.46,"1 ,402"
Property Operations & Maintenance,"365,158",9.2%,7.94,"2,434","381,158",9.5%,8.46,"2,541",5.8%,7.27,"1,871"
Utilities,"216,622",5.5%,4.71,"1,444","214,078",5.3%,4.75,"1,427",4.3%,5.37,"1,384"
Management Fee,"118,690",3.0%,2.58,791,"120,197",3.0%,2.67,801,3.0%,3.85,989
Taxes,"225,934",5.7%,4.92,"1,506","245,886",6.1%,5.46,"1,639",4.7%,6.39,"1 ,644"
Insurance,"127,438",3.2%,2.77,850,"113,997",2.8%,2.53,760,1.7%,2.05,529
Total Expenses,"3,031,388",76.6%,65.95,"20,209","3,297,454",82.3%,73.17,"21,983",66.0%,nan,nan
EBITDA,"924,935",23.4%,20.12,"6,166","709,097",17.7%,15.73,"4,727",34.0%,nan,nan
FF&E Reserves,"158,253",4.0%,3.44,"1,055","160,262",4.0%,3.56,"1,068",4.0%,nan,nan
NOI,"766,682",19.4%,16.68,"5,111","548,835",13.7%,12.18,"3 ,659",30.0%,nan,nan

Unnamed: 0,Unnamed: 1,2023,Unnamed: 2,Unnamed: 3,T12 MAY 2024,Unnamed: 4,Unnamed: 5,Year One,Unnamed: 6,Year Two,Year Three,Year Four,Unnamed: 7,Year Five,Unnamed: 8
Guest Rooms,150,nan,nan,nan,150,nan,150,nan,nan,150,150,150,150,nan,nan
Rooms Available,"54,750",nan,nan,nan,"54,900",nan,"54,750",nan,nan,"54,750","54,750","54,750","54,750",nan,nan
Occupied Rooms,"45,964",nan,nan,nan,"45,067",nan,"44,858",nan,nan,"47,998","45,118","45,118","45,118",nan,nan
Occupancy %,84.0%,nan,nan,nan,82.1%,nan,81.9%,nan,nan,87.7%,82.4%,82.4%,82.4%,nan,nan
ADR,$86.07,nan,nan,nan,$88.90,nan,$89.63,nan,nan,$102.18,$106.27,$109.45,$112.74,nan,nan
RevPAR,$72.26,nan,nan,nan,$72.98,nan,$73.44,nan,nan,$89.58,$87.57,$90.20,$92.90,nan,nan
Change in Occupancy,nan,nan,nan,nan,nan,nan,-0.2%,nan,nan,7.0%,-6.0%,0.0%,0.0%,nan,nan
Change in ADR,nan,nan,nan,nan,nan,nan,0.8%,nan,nan,14.0%,4.0%,3.0%,3.0%,nan,nan
Change in RevPAR,nan,nan,nan,nan,nan,nan,0.6%,#N/A,nan,22.0%,-2.2%,3.0%,3.0%,nan,nan
Change in Expenses,nan,nan,nan,nan,nan,nan,-12.0%,nan,nan,19.5%,-1.9%,2.8%,2.8%,nan,nan
nan,$,%,CPOR,PAR,$ % CPOR,PAR,$,% CPOR,PAR,$ %,$ %,$ %,$,% CPOR,PAR
Revenue,nan,nan,nan,nan,nan,nan,nan,nan,nan,nan,nan,nan,nan,nan,nan
Room,"3,956,323",100.0%,86.07,"26,375","4,006,552 100.0% 88.90","26,710","4,020,671",100.0% 89.63,"26,804","4,904,414 100.0%","4,794,555 100.0%","4,938,392 100.0%","5,086,543",100.0% 112.74,"33,910"
Total Revenue,"3,956,323",100.0%,86.07,"26,375","4,006,552 100.0% 88.90","26,710","4,020,671",100.0% 89.63,"26,804","4,904,414 100.0%","4,794,555 100.0%","4,938,392 100.0%","5,086,543",100.0% 112.74,"33,910"
Departmental Expenses,nan,nan,nan,nan,nan,nan,nan,nan,nan,nan,nan,nan,nan,nan,nan
Room Expenses (1),"1,046,127",26.4%,22.76,"6,974","1,279,433 31.9% 2 8.39","8,530","998,368",24.8% 22.26,"6,656","1,217,810 24.8%","1,190,531 24.8%","1,226,247 24.8%","1,263,034",24.8% 27.99,"8,420"
Total Departmental,"1,046,127",26.4%,22.76,"6,974","1,279,433 31.9% 2 8.39","8,530","998,368",24.8% 22.26,"6,656","1,217,810 24.8%","1,190,531 24.8%","1,226,247 24.8%","1,263,034",24.8% 27.99,"8,420"
Departmental Profit,"2,910,196",73.6%,63.31,"19,401","2,727,118 68.1% 60.51","18,181","3,022,302",75.2% 67.37,"20,149","3,686,604 75.2%","3,604,024 75.2%","3,712,145 75.2%","3,823,509",75.2% 84.74,"25,490"
Undistributed Expenses,nan,nan,nan,nan,nan,nan,nan,nan,nan,nan,nan,nan,nan,nan,nan
Administrative & General (1),"390,154",9.9%,8.49,"2,601","398,108 9.9% 8.83","2,654","434,225",10.8% 9.68,"2,895","529,667 10.8%","517,803 10.8%","533,337 10.8%","549,337",10.8% 12.18,"3,662"
Information & Telcomm Systems (1),"55,120",1.4%,1.20,367,"62,161 1.6% 1.38",414,"30,342",0.8% 0.68,202,"37,011 0.8%","36,182 0.8%","37,268 0.8%","38,386",0.8% 0.85,256
Sales & Marketing,"4,354",0.1%,0.09,29,"4,703 0.1% 0.10",31,"4,720",0.1% 0.11,31,"5,757 0.1%","5,628 0.1%","5,797 0.1%","5,971",0.1% 0.13,40
Franchise Fees,"481,793",12.2%,10.48,"3,212","477,734 11.9% 1 0.60","3,185","479,418",11.9% 10.69,"3,196","584,793 11.9%","571,694 11.9%","588,845 11.9%","606,510",11.9% 13.44,"4,043"
Property Operations & Maintenace (1),"365,158",9.2%,7.94,"2,434","381,158 9.5% 8.46","2,541","233,246",5.8% 5.20,"1,555","284,513 5.8%","278,140 5.8%","286,484 5.8%","295,079",5.8% 6.54,"1,967"
Utilities,"216,622",5.5%,4.71,"1,444","214,078 5.3% 4.75","1,427","214,832",5.3% 4.79,"1,432","262,052 5.3%","256,182 5.3%","263,868 5.3%","271,784",5.3% 6.02,"1,812"
Total Undistributed,"1,513,200",38.2%,32.92,"10,088","1,537,942 38.4% 3 4.13","10,253","1,396,782",34.7% 31.14,"9,312","1,703,794 34.7%","1,665,629 34.7%","1,715,598 34.7%","1,767,066",34.7% 39.17,"11,780"
Fixed Expenses,nan,nan,nan,nan,nan,nan,nan,nan,nan,nan,nan,nan,nan,nan,nan
Management Fees (1),"118,690",3.0%,2.58,791,"120,197 3.0% 2.67",801,"120,620",3.0% 2.69,804,"147,132 3.0%","143,837 3.0%","148,152 3.0%","152,596",3.0% 3.38,"1,017"
Taxes (2),"225,934",5.7%,4.92,"1,506","245,886 6.1% 5.46","1,639","248,345",6.2% 5.54,"1,656","250,828 5.1%","253,336 5.3%","255,870 5.2%","258,428",5.1% 5.73,"1,723"
Insurance (3),"127,438",3.2%,2.77,850,"113,997 2.8% 2.53",760,"116,847",2.9% 2.60,779,"119,768 2.4%","122,762 2.6%","125,831 2.5%","128,977",2.5% 2.86,860
Total Fixed,"472,062",11.9%,10.27,"3,147","480,079 12.0% 1 0.65","3,201","485,811",12.1% 10.83,"3,239","517,728 10.6%","519,935 10.8%","529,853 10.7%","540,002",10.6% 11.97,"3,600"
EBITDA,"924,935",23.4%,20.12,"6,166","709,097 17.7% 15.73","4,727","1,139,709",28.3% 25.41,"7,598","1,465,081 29.9%","1,418,460 29.6%","1,466,694 29.7%","1,516,442",29.8% 3 3.61,"10,110"
Reserve for Capital Replacement (1),"158,253",4.0%,3.44,"1,055","160,262 4.0% 3.56","1,068","160,827",4.0% 3.59,"1,072","196,177 4.0%","191,782 4.0%","197,536 4.0%","203,462",4.0% 4.51,"1,356"
Net Operating Income,"766,682",19.4%,16.68,"5,111","548,835 13.7% 1 2.18","3,659","978,882",24.3% 21.82,"6,526","1,268,905 25.9%","1,226,678 25.6%","1,269,158 25.7%","1,312,980",25.8% 29.10,"8,753"

Total Investment Cap Rate (Current & Pro Forma),4.6%,3.3%,Unnamed: 0,5.9%,7.6%,7.4%,Unnamed: 1,7.6%.1,7.9%
FIRST MORTGAGE,nan,nan,nan,nan,nan,nan,nan,nan,nan
Mortgage Amount,nan,"11,655,000",70.0%,nan,nan,"11,655,000",59.7%,nan,nan
Interest Rate,nan,7.05%,nan,nan,nan,5.50%,nan,nan,nan
Amortization Period (years),nan,I/O,nan,nan,nan,25.00,nan,nan,nan
"BANK, 5 Year Treasury Index",nan,nan,nan,nan,nan,nan,nan,nan,nan
YEARLY CASH FLOW SUMMARY,nan,nan,nan,nan,nan,nan,nan,nan,nan
nan,2023,T12 MAY 2024,nan,Year One,Year Two,Year Three,nan,Year Four,Year Five
Net Operating Income,"766,682","548,835",nan,"978,882","1,268,905","1,226,678","1,269,158",nan,"1,312,980"
First Mortgage Annual Payment,"(821,911)","(821,911)",nan,"(821,911)","(821,911)","(858,863)",nan,"(858,863)","(858,863)"
Cash Flow after Debt Service,"(55,229)","(273,075)",nan,"156,972","446,994","367,815",nan,"410,296","454,117"
Principal Reduction,nan,nan,nan,-,-,"223,414",nan,"236,016","249,329"
FFE Reserve,nan,nan,nan,"160,827","196,177","191,782",nan,"197,536","203,462"
Debt Coverage Ratio,0.93,0.67,nan,1.19,1.54,1.43,nan,1.48,1.53
Debt Yield,6.6%,4.71%,nan,8.4%,10.9%,10.5%,nan,10.9%,11.3%
CAPITAL GAIN CALCULATION,nan,nan,nan,nan,nan,nan,nan,nan,nan
Terminal Cap Rate,nan,3.30%,nan,6.50%,6.50%,6.50%,nan,6.50%,6.50%
Terminal RRM,nan,4.2,nan,3.7,4.0,3.9,nan,4.0,4.0
Property Value,nan,"16,650,000","15,059,726",nan,"19,521,614","18,871,963","19,525,515",nan,"20,199,689"
Selling Costs,nan,nan,nan,nan,nan,nan,nan,nan,2.50%
Net Proceeds,nan,nan,nan,nan,nan,nan,nan,nan,"19,694,697"
Price per Room,nan,"111,000",nan,"100,398","130,144","125,813",nan,"130,170","134,665"
LEVERAGED IRR ANALYSIS,nan,nan,nan,nan,nan,nan,nan,nan,nan
nan,nan,Year Zero,nan,Year One,Year Two,Year Three,nan,Year Four,Year Five
Equity,nan,"(5,045,000)",nan,nan,nan,nan,nan,nan,nan
Cash Flow after Debt Service,nan,nan,nan,"156,972","446,994","367,815",nan,"410,296","454,117"
Sale Proceeds,nan,nan,nan,nan,nan,nan,nan,nan,"19,694,697"
Remaining First Mortgage Balance,nan,nan,nan,nan,nan,nan,nan,nan,"(10,946,241)"
Net Cash Flow,nan,"(5,045,000)",nan,"156,972","446,994","367,815",nan,"410,296","9,202,573"
Total Cash In /Cash Out,nan,"(5,045,000)",nan,nan,nan,nan,nan,nan,"10,584,650"
Cash on Cash Return,nan,-5.5%,nan,3.1%,8.9%,7.3%,nan,8.1%,9.0%
Cash plus Debt Reduction Return,nan,-5.5%,nan,3.1%,8.9%,11.7%,nan,12.8%,13.9%
Five-Year Leveraged IRR,nan,17.3%,nan,nan,nan,nan,nan,nan,nan
Average Cash on Cash Return,nan,7.3%,nan,nan,nan,nan,nan,nan,nan

"Candlewood Suites Dallas Market Center Love Field7930 N Stemmons FwyDallas, TX 75247",Phone: (214) 631-3333,Unnamed: 0,Unnamed: 1,Unnamed: 2,Unnamed: 3,Unnamed: 4
STR # 36324ChainID: 9945MgtCo: NoneOwner: None,nan,nan,nan,nan,nan,nan
"For the Month of: June 2024Date Created: July 17, 2024Monthly Competitive Set Data Excludes Subject Property",nan,nan,nan,nan,nan,nan
June 2024,nan,nan,nan,nan,nan,nan
Occupancy (%) ADR,nan,nan,nan,nan,RevPAR,nan
My Prop Comp Set Index (MPI) My Prop,Comp Set Index (ARI),nan,nan,My Prop,Comp Set,Index (RGI)
Current Month 83.7 60.0 139.5 89.21,96.06 92.9,nan,nan,74.68,57.66,129.5
Year To Date 81.2 55.0 147.6 87.91,98.14 89.6,nan,nan,71.36,53.96,132.2
Running 3 Month 83.1 57.7 143.9 89.95,100.41 89.6,nan,nan,74.72,57.95,128.9
Running 12 Month 81.9 55.0 148.9 84.56,95.45 88.6,nan,nan,69.28,52.51,131.9
June 2024 vs. 2023 Percent Change (%),nan,nan,nan,nan,nan,nan
Occupancy ADR,nan,nan,nan,nan,RevPAR,nan
My Prop Comp Set Index (MPI) My Prop,Comp Set Index (ARI),nan,nan,My Prop,Comp Set,Index (RGI)
Current Month -2.3 -15.0 15.0 5.1,-1.9 7.1,nan,nan,2.7,-16.7,23.2
Year To Date -4.8 -20.9 20.4 2.1,4.4 -2.2,nan,nan,-2.8,-17.4,17.7
Running 3 Month 0.1 -15.2 18.1 3.6,5.4 -1.8,nan,nan,3.7,-10.6,16.0
Running 12 Month -6.4 -20.2 17.2 1.3,5.5 -3.9,nan,nan,-5.2,-15.8,12.6

Unnamed: 0,Unnamed: 1,Unnamed: 2,Occupancy (%),Unnamed: 3,Unnamed: 4,Unnamed: 5,Unnamed: 6,Unnamed: 7,Supply,Unnamed: 8
Current,% Chg,Year to Date,% Chg Running 3,% Chg,nan,Running 12,% Chg,Month %,YTD % Chg Run 3 Mon %,Run 12 Mon
Month,nan,nan,Month,nan,nan,Month,nan,Chg,Chg,% Chg
Candlewood Suites Dallas Market Center Love Field 83.7,-2.3,81.2,-4.8 83.1,0.1,nan,81.9,-6.4,0.0,0.6 0.0,0.3
"Market: Dallas, TX 69.9",-0.1,67.3,-1.3 70.5,1.8,nan,65.8,-0.7,0.8,1.5 1.0,1.4
Market Class: Midscale Class 67.1,-6.0,65.9,-4.4 67.6,-3.4,nan,65.9,-1.5,1.1,0.0 -0.6,0.9
"Submarket: Dallas CBD/Market Center, TX 66.5",1.4,66.5,-0.6 69.4,4.3,nan,64.1,1.2,2.2,2.8 2.7,2.7
Submarket Scale: Midscale Chains 67.3,-7.2,65.1,-6.0 67.8,-3.5,nan,65.2,-3.0,4.0,3.3 4.0,-0.3
Competitive Set: Competitors 60.0,-15.0,55.0,-20.9 57.7,-15.2,nan,55.0,-20.2,0.4,0.3 0.4,0.2

Unnamed: 0,Unnamed: 1,Unnamed: 2,Unnamed: 3,Average Daily Rate,Unnamed: 4,Unnamed: 5,Unnamed: 6,Unnamed: 7,Unnamed: 8,Unnamed: 9,Demand,Unnamed: 10
Current,% Chg,nan,Year to Date,% Chg Running 3,% Chg,nan,Running 12,% Chg,nan,Month %,YTD % Chg Run 3 Mon %,Run 12 Mon
Month,nan,nan,nan,Month,nan,nan,Month,nan,nan,Chg,Chg,% Chg
Candlewood Suites Dallas Market Center Love Field 89.21,5.1,nan,87.91,2.1 89.95,nan,3.6,84.56,nan,1.3,-2.3,-4.3 0.1,-6.2
"Market: Dallas, TX 127.60",3.7,nan,131.66,4.8 133.51,nan,6.3,127.29,nan,5.0,0.7,0.1 2.9,0.7
Market Class: Midscale Class 80.81,1.2,nan,79.40,2.8 82.35,nan,3.7,78.19,nan,2.5,-4.9,-4.5 -4.0,-0.6
"Submarket: Dallas CBD/Market Center, TX 190.83",6.8,nan,201.61,4.9 201.98,nan,8.3,194.43,nan,4.2,3.6,2.2 7.1,4.0
Submarket Scale: Midscale Chains 120.11,3.1,nan,122.57,2.7 125.09,nan,5.4,120.02,nan,4.7,-3.4,-2.9 0.3,-3.2
Competitive Set: Competitors 96.06,-1.9,nan,98.14,4.4 100.41,nan,5.4,95.45,nan,5.5,-14.7,-20.6 -14.9,-20.1

Unnamed: 0,Unnamed: 1,Unnamed: 2,Unnamed: 3,RevPAR,Unnamed: 4,Unnamed: 5,Unnamed: 6,Unnamed: 7,Unnamed: 8,Revenue,Unnamed: 9
Current,nan,nan,nan,Running 3,nan,nan,Running 12,nan,Month %,Run 3 Mon %,Run 12 Mon
Month,% Chg,nan,Year to Date,% Chg Month,% Chg,nan,Month,% Chg,Chg,YTD % Chg Chg,% Chg
Candlewood Suites Dallas Market Center Love Field 74.68,2.7,nan,71.36,-2.8 74.72,3.7,nan,69.28,-5.2,2.7,-2.2 3.7,-4.9
"Market: Dallas, TX 89.17",3.6,nan,88.57,3.4 94.18,8.3,nan,83.76,4.2,4.4,4.9 9.4,5.7
Market Class: Midscale Class 54.21,-4.9,nan,52.36,-1.8 55.70,0.1,nan,51.50,1.0,-3.8,-1.8 -0.5,1.9
"Submarket: Dallas CBD/Market Center, TX 126.88",8.2,nan,134.07,4.3 140.25,13.0,nan,124.72,5.4,10.6,7.2 16.0,8.3
Submarket Scale: Midscale Chains 80.88,-4.3,nan,79.79,-3.5 84.79,1.6,nan,78.27,1.6,-0.4,-0.3 5.7,1.3
Competitive Set: Competitors 57.66,-16.7,nan,53.96,-17.4 57.95,-10.6,nan,52.51,-15.8,-16.3,-17.1 -10.3,-15.7

Unnamed: 0,Unnamed: 1,Census/Sample - Properties & Rooms,Unnamed: 2,Unnamed: 3,Pipeline
nan,Census,Sample,Sample %,nan,nan
nan,Properties,Rooms Properties Rooms,Rooms,nan,nan
"Market: Dallas, TX",822,99204 644 86444,87.1,nan,nan
Market Class: Midscale Class,109,9264 80 7244,78.2,nan,nan
"Submarket: Dallas CBD/Market Center, TX",105,20799 90 19943,95.9,nan,nan
Submarket Scale: Midscale Chains,24,2643 24 2643,100.0,nan,nan
Competitive Set: Competitors,7,801 7 801,100.0,nan,nan

Running 12 MonthOccupancy (%)2023,2024,Year To Date,Running 3 Month,Unnamed: 0,Unnamed: 1
Jan Feb Mar Apr May Jun,Jul Aug Sep Oct Nov Dec Jan Feb Mar,Apr May Jun 2022 2023,2024 2022 2023,2024 2022 2023,2024
My Property 88.5 87.0 87.1 84.6 78.8 85.6,82.3 84.9 83.8 89.2 81.1 74.8 74.6 82.6 80.9,84.2 81.3 83.7 90.2 85.2,81.2 91.2 83.0,83.1 88.5 87.6,81.9
Competitive Set 71.7 63.6 76.7 68.7 65.0 70.6,63.4 52.1 65.5 58.8 46.1 44.3 51.2 49.2 56.0,56.9 56.3 60.0 71.5 69.5,55.0 75.7 68.1,57.7 67.8 68.9,55.0
Index (MPI) 123.4 136.7 113.5 123.3 121.2 121.3,129.7 163.1 127.9 151.7 175.9 168.7 145.7 167.9 144.5,148.0 144.6 139.5 126.2 122.7,147.6 120.5 121.9,143.9 130.6 127.1,148.9
Rank 1 of 8 1 of 8 2 of 8 1 of 8 3 of 8 3 of 7,2 of 7 1 of 7 2 of 7 2 of 7 2 of 7 2 of 7 2 of 7 1 of 7 2 of 7,2 of 8 2 of 8 2 of 8 1 of 8 1 of 8,2 of 7 1 of 8 2 of 8,2 of 8 1 of 8 1 of 8,2 of 7

Running 12 MonthADR2023,2024,Year To Date,Running 3 Month,Unnamed: 0,Unnamed: 1
Jan Feb Mar Apr May Jun,Jul Aug Sep Oct Nov Dec Jan Feb Mar Apr,May Jun 2022 2023,2024 2022 2023 2024,2022 2023,2024
My Property 85.00 83.82 87.09 90.30 85.31 84.92,81.10 79.71 81.74 83.77 81.24 80.00 88.71 81.64 87.00 93.85,86.77 89.21 79.78 86.09,87.91 82.38 86.85 89.95,78.05 83.43,84.56
Competitive Set 95.85 88.22 93.20 94.61 93.05 97.94,94.00 92.06 91.63 96.82 89.22 91.91 98.30 85.13 101.44 108.94,96.56 96.06 88.32 93.97,98.14 90.56 95.24 100.41,85.05 90.49,95.45
Index (ARI) 88.7 95.0 93.5 95.4 91.7 86.7,86.3 86.6 89.2 86.5 91.1 87.0 90.2 95.9 85.8 86.1,89.9 92.9 90.3 91.6,89.6 91.0 91.2 89.6,91.8 92.2,88.6
Rank 5 of 8 5 of 8 5 of 8 5 of 8 5 of 8 5 of 7,5 of 7 5 of 7 5 of 7 5 of 7 5 of 7 5 of 7 4 of 7 4 of 7 5 of 7 6 of 8,6 of 8 5 of 8 6 of 8 5 of 8,5 of 7 5 of 8 5 of 8 6 of 8,5 of 8 5 of 8,5 of 7

Running 12 MonthRevPAR2023,2024,Year To Date,Running 3 Month,Unnamed: 0,Unnamed: 1
Jan Feb Mar Apr May Jun,Jul Aug Sep Oct Nov Dec Jan Feb Mar,Apr May Jun 2022 2023,2024 2022 2023,2024 2022 2023,2024
My Property 75.22 72.90 75.86 76.41 67.24 72.73,66.73 67.69 68.50 74.74 65.86 59.84 66.16 67.41 70.36,79.05 70.57 74.68 71.98 73.39,71.36 75.13 72.07,74.72 69.06 73.06,69.28
Competitive Set 68.73 56.11 71.53 64.95 60.51 69.18,59.63 47.94 60.04 56.94 41.12 40.75 50.32 41.87 56.77,61.98 54.33 57.66 63.15 65.30,53.96 68.53 64.83,57.95 57.63 62.37,52.51
Index (RGI) 109.4 129.9 106.1 117.6 111.1 105.1,111.9 141.2 114.1 131.3 160.2 146.8 131.5 161.0 123.9,127.5 129.9 129.5 114.0 112.4,132.2 109.6 111.2,128.9 119.8 117.1,131.9
Rank 4 of 8 2 of 8 3 of 8 3 of 8 4 of 8 4 of 7,3 of 7 3 of 7 3 of 7 3 of 7 3 of 7 3 of 7 2 of 7 1 of 7 3 of 7,3 of 8 3 of 8 3 of 8 3 of 8 3 of 8,3 of 7 3 of 8 4 of 8,3 of 8 3 of 8 3 of 8,3 of 7

% Chg,Unnamed: 0,Unnamed: 1,Unnamed: 2,Unnamed: 3,Unnamed: 4,Unnamed: 5,Unnamed: 6,Unnamed: 7,Unnamed: 8,Unnamed: 9,Unnamed: 10,Unnamed: 11,Unnamed: 12,Unnamed: 13,Unnamed: 14,Unnamed: 15,Unnamed: 16,Unnamed: 17,Unnamed: 18,Unnamed: 19,Unnamed: 20,Unnamed: 21,Unnamed: 22,Unnamed: 23,Unnamed: 24,Unnamed: 25,Unnamed: 26,Unnamed: 27,Unnamed: 28
My Property -0.8,-0.1,-4.5,-8.2,-11.8,-7.0,nan,-9.8,-7.9,-9.7,-4.0,-4.2,-12.3,-15.7,-5.1,-7.1,nan,-0.5,3.2,-2.3,-0.2,-5.5,-4.8,1.5 -9.0,nan,0.1,4.5,-1.0,nan,-6.4
Competitive Set 12.8,-2.5,5.4,-10.0,-11.8,-8.3,nan,-9.8,-23.3,-5.0,-24.6,-27.9,-27.2,-28.6,-22.7,-27.1,nan,-17.1,-13.5,-15.0,12.3,-2.8,-20.9,9.7 -10.1,nan,-15.2,17.9,1.7,nan,-20.2
Index (MPI) -12.0,2.5,-9.4,2.0,0.0,1.5,nan,0.0,20.0,-4.9,27.3,32.9,20.6,18.1,22.8,27.3,nan,20.1,19.3,15.0,-11.2,-2.8,20.4,-7.5 1.2,nan,18.1,-11.3,-2.7,nan,17.2
Rank 6 of 8,4 of 8,8 of 8,5 of 8,4 of 8,5 of 7,nan,5 of 7,3 of 7,5 of 7,3 of 7,3 of 7,4 of 7,4 of 7,4 of 7,3 of 7,nan,4 of 8,4 of 8,3 of 7,6 of 8,5 of 8,3 of 7,4 of 8 4 of 8,nan,2 of 8,6 of 8,3 of 8,nan,3 of 7
Running 12 MonthADR,nan,nan,nan,nan,nan,2023.0,nan,nan,nan,nan,nan,nan,nan,nan,nan,2024.0,nan,nan,nan,nan,Year To Date,nan,Running 3 Month,nan,nan,nan,nan,nan,nan
Jan,Feb,Mar,Apr,May,Jun,nan,Jul,Aug,Sep,Oct,Nov,Dec,Jan,Feb,Mar,nan,Apr,May,Jun,2022,2023,2024,2022 2023,nan,2024,2022,2023,nan,2024

% Chg,Unnamed: 0,Unnamed: 1,Unnamed: 2,Unnamed: 3,Unnamed: 4,Unnamed: 5,Unnamed: 6,Unnamed: 7,Unnamed: 8,Unnamed: 9,Unnamed: 10,Unnamed: 11,Unnamed: 12,Unnamed: 13,Unnamed: 14,Unnamed: 15,Unnamed: 16,Unnamed: 17,Unnamed: 18,Unnamed: 19,Unnamed: 20,Unnamed: 21,Unnamed: 22,Unnamed: 23,Unnamed: 24,Unnamed: 25,Unnamed: 26,Unnamed: 27,Unnamed: 28
My Property 10.1,10.1,12.0,12.2,3.8,0.5,nan,-1.9,-0.7,2.2,1.5,2.2,-0.7,4.4,-2.6,-0.1,nan,3.9,1.7,5.1,9.3,7.9,2.1,10.3 5.4,nan,3.6,8.3,6.9,nan,1.3
Competitive Set 10.1,4.3,8.9,6.9,1.0,7.6,nan,12.0,10.7,5.1,-1.1,5.8,10.1,2.6,-3.5,8.8,nan,15.2,3.8,-1.9,17.9,6.4,4.4,13.8 5.2,nan,5.4,18.0,6.4,nan,5.5
Index (ARI) -0.1,5.6,2.8,5.0,2.8,-6.6,nan,-12.4,-10.2,-2.8,2.6,-3.4,-9.9,1.8,0.9,-8.2,nan,-9.7,-2.0,7.1,-7.3,1.4,-2.2,-3.0 0.2,nan,-1.8,-8.2,0.5,nan,-3.9
Rank 6 of 8,4 of 8,4 of 8,3 of 8,3 of 8,6 of 7,nan,5 of 7,5 of 7,4 of 7,3 of 7,4 of 7,5 of 7,1 of 7,3 of 7,3 of 7,nan,4 of 8,4 of 8,1 of 7,6 of 8,4 of 8,2 of 7,4 of 8 2 of 8,nan,2 of 8,7 of 8,5 of 8,nan,3 of 7
Running 12 MonthRevPAR,nan,nan,nan,nan,nan,2023.0,nan,nan,nan,nan,nan,nan,nan,nan,nan,2024.0,nan,nan,nan,nan,Year To Date,nan,Running 3 Month,nan,nan,nan,nan,nan,nan
Jan,Feb,Mar,Apr,May,Jun,nan,Jul,Aug,Sep,Oct,Nov,Dec,Jan,Feb,Mar,nan,Apr,May,Jun,2022,2023,2024,2022 2023,nan,2024,2022,2023,nan,2024

171,3
161,nan
151,-2.0
141,nan
131,-7.0
121,nan
111,-12.0

Unnamed: 0,Unnamed: 1,Unnamed: 2,Unnamed: 3,Unnamed: 4,Unnamed: 5,Unnamed: 6,Unnamed: 7,Unnamed: 8,Unnamed: 9,Unnamed: 10,Unnamed: 11,Unnamed: 12,Unnamed: 13,Unnamed: 14,Unnamed: 15,Unnamed: 16,Unnamed: 17,-22,Unnamed: 18,Unnamed: 19,Unnamed: 20
Jan,Feb,Mar,Apr,May Jun,Jul,nan,Aug Sep,nan,Oct,Nov Dec,nan,Jan,Feb,Mar,Apr,May,Jun,nan,Year to Date,Running 3 Month,Running 12 Month
nan,nan,nan,nan,Occupancy Index (MPI),nan,nan,ADR Index (ARI),nan,nan,RevPAR Index (RGI),nan,nan,100 %,nan,nan,nan,nan,nan,nan,My Property Competitive Set,nan

Chg,Unnamed: 0,Unnamed: 1,Unnamed: 2,Unnamed: 3,Unnamed: 4,Unnamed: 5,Unnamed: 6,Unnamed: 7,Unnamed: 8,Unnamed: 9,Unnamed: 10,Unnamed: 11,Unnamed: 12,Unnamed: 13,Unnamed: 14,Unnamed: 15,Unnamed: 16,Unnamed: 17,Unnamed: 18,Unnamed: 19,Unnamed: 20,Unnamed: 21,Unnamed: 22,Unnamed: 23,Unnamed: 24,Unnamed: 25,Unnamed: 26
My Property,9.2,10.0,6.9,3.0,-8.5,-6.5,-11.5,-8.5,-7.7,-2.6,-2.1,-12.9,-12.0,-7.5,-7.2,3.4,5.0,2.7,9.0,2.0,-2.8,12.0,-4.1,3.7,13.2,5.8,-5.2
Competitive Set,24.2,1.6,14.7,-3.9,-10.9,-1.4,1.1,-15.1,-0.2,-25.4,-23.7,-19.8,-26.8,-25.4,-20.6,-4.6,-10.2,-16.7,32.4,3.4,-17.4,24.8,-5.4,-10.6,39.0,8.2,-15.8
Index (RGI),-12.1,8.2,-6.9,7.1,2.7,-5.2,-12.4,7.7,-7.5,30.6,28.4,8.7,20.1,23.9,16.9,8.4,16.9,23.2,-17.7,-1.4,17.7,-10.3,1.4,16.0,-18.6,-2.2,12.6
Rank,7 of 8,3 of 8,6 of 8,3 of 8,4 of 8,5 of 7,6 of 7,3 of 7,5 of 7,2 of 7,3 of 7,4 of 7,2 of 7,3 of 7,2 of 7,5 of 8,4 of 8,1 of 7,7 of 8,5 of 8,1 of 7,6 of 8,4 of 8,3 of 8,6 of 8,4 of 8,3 of 7

Unnamed: 0,Unnamed: 1,Unnamed: 2,Unnamed: 3,Unnamed: 4,Unnamed: 5,Unnamed: 6,Unnamed: 7,2022 2023,2024
STR#,Name,"City, State",Zip,Phone,Rooms,nan,Open Date,nan,nan
36324,Candlewood Suites Dallas Market Center Love Field,"Dallas, TX",75247,(214) 631-3333,nan,150.0,199803,● ●● ●●● ●●● ●●● ●●● ●●● ●●● ●●●,nan
7470,Holiday Inn Dallas Market Center,"Dallas, TX",75219,(214) 219-3333,nan,200.0,197106,● ●● ●●● ●●● ●●● ●●● ●●● ●●● ●●●,nan
16284,Hawthorn Suites by Wyndham Dallas Love Field Airport,"Dallas, TX",75247-4910,(214) 688-1010,nan,98.0,198406,● ●● ●●● ●●● ●●● ●●● ●●● ●●● ●●●,nan
22120,Sonesta ES Suites Dallas Market Center,"Dallas, TX",75247,(214) 631-2472,nan,142.0,198903,● ●● ●●● ●●● ●●● ●●● ●●● ●●● ●●●,nan
35282,Spark by Hilton Dallas Market Center,"Dallas, TX",75247,(469) 840-5077,nan,100.0,199709,● ●● ●●● ●●● ●●,●●●
38040,Wingate by Wyndham Dallas Love Field,"Dallas, TX",75247,(214) 267-8400,nan,89.0,200407,● ●● ●●● ●●● ●●● ●●● ●●● ●●● ●●●,nan
61394,La Quinta Inns & Suites Dallas Love Field,"Dallas, TX",75247,(214) 414-9000,nan,102.0,201109,● ●● ●●● ●●● ●●● ●●● ●●● ●●● ●●●,nan
65686,Sleep Inn Dallas Love Field Medical District,"Dallas, TX",75247-4305,(469) 372-0006,nan,70.0,201704,● ●● ●●● ●●● ●●● ●●● ●●● ●●● ●●●,nan

36324,Candlewood Suites Dallas Market Center Love Field,"Dallas, TX",75247,(214) 631-3333,150,199803,● ●● ●●● ●●● ●●● ●●● ●●● ●●● ●●●
7470.0,Holiday Inn Dallas Market Center,"Dallas, TX",75219,(214) 219-3333,200,197106.0,● ●● ●●● ●●● ●●● ●●● ●●● ●●● ●●●
16284.0,Hawthorn Suites by Wyndham Dallas Love Field Airport,"Dallas, TX",75247-4910,(214) 688-1010,98,198406.0,● ●● ●●● ●●● ●●● ●●● ●●● ●●● ●●●
22120.0,Sonesta ES Suites Dallas Market Center,"Dallas, TX",75247,(214) 631-2472,142,198903.0,● ●● ●●● ●●● ●●● ●●● ●●● ●●● ●●●
35282.0,Spark by Hilton Dallas Market Center,"Dallas, TX",75247,(469) 840-5077,100,199709.0,● ●● ●●● ●●● ●● ●●●
38040.0,Wingate by Wyndham Dallas Love Field,"Dallas, TX",75247,(214) 267-8400,89,200407.0,● ●● ●●● ●●● ●●● ●●● ●●● ●●● ●●●
61394.0,La Quinta Inns & Suites Dallas Love Field,"Dallas, TX",75247,(214) 414-9000,102,201109.0,● ●● ●●● ●●● ●●● ●●● ●●● ●●● ●●●
65686.0,Sleep Inn Dallas Love Field Medical District,"Dallas, TX",75247-4305,(469) 372-0006,70,201704.0,● ●● ●●● ●●● ●●● ●●● ●●● ●●● ●●●
nan,nan,nan,nan,nan,951,nan,nan

June 16th - Father's Day,Sun,Mon,Tue,Wed,Thu,Fri,Sat,Sun.1,Mon.1,Tue.1,Wed.1,Thu.1,Fri.1,Sat.1
June 19th - Juneteenth,nan,nan,nan,nan,nan,nan,1.0,nan,nan,nan,nan,1.0,2.0,3.0
nan,2.0,3.0,4.0,5.0,6.0,7.0,8.0,4.0,5.0,6.0,7.0,8.0,9.0,10.0
nan,9.0,10.0,11.0,12.0,13.0,14.0,15.0,11.0,12.0,13.0,14.0,15.0,16.0,17.0
nan,16.0,17.0,18.0,19.0,20.0,21.0,22.0,18.0,19.0,20.0,21.0,22.0,23.0,24.0
nan,23.0,24.0,25.0,26.0,27.0,28.0,29.0,25.0,26.0,27.0,28.0,29.0,30.0,nan
nan,30.0,nan,nan,nan,nan,nan,nan,nan,nan,nan,nan,nan,nan,nan

Unnamed: 0,Unnamed: 1,Unnamed: 2,Occupancy (%),Unnamed: 3,Unnamed: 4,Average Daily Rate,Unnamed: 5,Unnamed: 6,RevPAR,Unnamed: 7
nan,nan,My Property,Competitive Set,Index (MPI),My Property,Competitive Set,Index (ARI),My Property,Competitive Set,Index (RGI)
Day of Week,Time Period,% Chg,% Chg,% Chg,% Chg,% Chg,% Chg,% Chg,% Chg,% Chg
Sunday,Current Month,78.8 -7.5,49.1 -23.5,160.4 20.9,85.07 2.9,82.45 -7.3,103.2 11.0,67.04 -4.8,40.49 -29.1,165.6 34.3
nan,Year To Date,76.9 -3.9,47.3 -22.1,162.6 23.4,87.15 3.7,93.42 8.3,93.3 -4.3,67.06 -0.4,44.22 -15.7,151.7 18.1
nan,Running 3 Month,78.7 1.9,50.5 -17.8,155.7 23.9,88.53 5.7,98.39 11.1,90.0 -4.8,69.64 7.7,49.71 -8.7,140.1 17.9
nan,Running 12 Month,78.8 -5.7,48.7 -21.9,161.8 20.7,83.48 2.1,90.50 8.3,92.2 -5.7,65.79 -3.8,44.07 -15.4,149.3 13.8

Monday,Current Month,84.7,-1.7,52.4,-21.2,161.7,24.7,83.99,-2.2,88.79,-3.4,94.6,1.2,71.11,-3.9,46.50,-23.9,152.9,26.2
nan,Year To Date,79.2,-5.0,47.2,-24.6,167.8,26.0,86.11,1.1,92.32,6.2,93.3,-4.8,68.21,-3.9,43.57,-19.9,156.5,19.9
nan,Running 3 Month,80.9,-0.3,49.2,-19.9,164.4,24.5,88.03,2.4,95.53,7.7,92.1,-4.9,71.19,2.1,46.98,-13.7,151.5,18.3
nan,Running 12 Month,81.1,-5.8,47.6,-24.1,170.4,24.2,83.02,1.4,89.6,6.7,92.7,-5.0,67.31,-4.5,42.64,-19.0,157.8,18.0

Tuesday,Current Month,84.7,2.0,62.0,-14.3,136.6,19.0,91.59,6.1,95.16,-1.3,96.2,7.5,77.54,8.2,58.98,-15.4,131.5,27.9
nan,Year To Date,80.7,-4.5,51.8,-22.9,155.9,23.8,86.7,2.2,93.06,3.5,93.2,-1.3,70.01,-2.4,48.21,-20.1,145.2,22.2
nan,Running 3 Month,81.5,-1.2,55.2,-16.0,147.8,17.6,88.59,3.0,94.78,4.5,93.5,-1.4,72.23,1.7,52.28,-12.3,138.2,15.9
nan,Running 12 Month,82.8,-5.4,52.1,-21.1,158.9,19.9,83.64,1.4,91.19,4.9,91.7,-3.4,69.26,-4.1,47.53,-17.2,145.7,15.9

Wednesday,Current Month,85.7,-3.0,63.5,-11.4,134.8,9.4,89.52,6.7,97.25,-0.7,92.1,7.5,76.69,3.5,61.80,-12.0,124.1,17.6
nan,Year To Date,83.8,-5.0,55.2,-20.9,152.0,20.1,84.95,0.8,95.21,4.1,89.2,-3.1,71.2,-4.3,52.51,-17.7,135.6,16.3
nan,Running 3 Month,84.7,-1.0,57.4,-14.3,147.5,15.5,87.15,3.6,94.71,2.4,92.0,1.2,73.79,2.5,54.37,-12.3,135.7,16.9
nan,Running 12 Month,85.0,-5.6,55.0,-19.2,154.4,16.9,81.98,0.0,92.03,5.1,89.1,-4.8,69.66,-5.6,50.64,-15.1,137.6,11.2

Thursday,Current Month,85.7,-2.9,61.2,-11.9,140.0,10.2,88.63,7.0,98.76,2.1,89.8,4.9,75.93,3.9,60.41,-10.1,125.7,15.6
nan,Year To Date,83.7,-4.4,58.1,-20.8,144.2,20.7,86.1,1.4,96.39,2.7,89.3,-1.2,72.08,-3.0,55.98,-18.7,128.8,19.2
nan,Running 3 Month,85.1,-0.3,59.6,-15.5,142.8,18.0,87.69,2.7,96.41,4.1,91.0,-1.3,74.61,2.4,57.42,-12.1,129.9,16.5
nan,Running 12 Month,83.5,-6.5,57.0,-19.3,146.4,15.9,83.17,1.2,92.52,3.8,89.9,-2.5,69.47,-5.4,52.77,-16.3,131.6,13.0

Friday,Current Month,86.7,1.6,65.5,-8.9,132.4,11.5,92.26,7.8,105.17,1.3,87.7,6.4,79.96,9.5,68.87,-7.7,116.1,18.6
nan,Year To Date,83.9,-5.3,61.8,-18.2,135.9,15.8,90.21,3.6,105.9,3.2,85.2,0.4,75.71,-1.9,65.4,-15.6,115.8,16.3
nan,Running 3 Month,87.4,2.1,64.7,-11.3,135.0,15.0,92.64,5.5,108.36,5.5,85.5,-0.1,80.95,7.7,70.12,-6.3,115.4,15.0
nan,Running 12 Month,83.5,-7.4,60.8,-18.7,137.4,14.0,86.31,1.8,103.17,4.5,83.7,-2.6,72.07,-5.7,62.7,-15.1,114.9,11.0

Saturday Current Month,Unnamed: 0,81.6,-1.3,67.1,-14.3,121.5,15.2,93.22,6.1,101.59,-4.6,91.8,11.2,76.07,4.7,68.21,-18.3,111.5,28.1
Year To Date,nan,79.8,-5.2,63.5,-18.3,125.7,16.0,94.22,1.9,106.77,3.3,88.2,-1.4,75.23,-3.5,67.81,-15.6,110.9,14.4
Running 3 Month,nan,83.3,-0.3,67.3,-13.2,123.7,14.9,96.82,2.2,111.04,3.6,87.2,-1.3,80.63,1.9,74.77,-10.1,107.8,13.4
Running 12 Month,nan,79.0,-8.5,63.8,-17.9,123.8,11.4,90.47,1.8,105.2,5.2,86.0,-3.2,71.43,-6.9,67.07,-13.6,106.5,7.8
Weekday/Weekend,nan,nan,nan,nan,nan,nan,nan,nan,nan,nan,nan,nan,nan,nan,nan,nan,nan,nan,nan
Weekday Current Month,nan,83.7,-3.1,57.2,-16.9,146.2,16.6,87.68,4.1,92.63,-2.1,94.7,6.4,73.35,0.9,53.01,-18.7,138.4,24.1
(Sun-Thu) Year To Date,nan,80.9,-4.6,51.9,-22.2,155.8,22.6,86.18,1.8,94.19,4.8,91.5,-2.8,69.71,-2.8,48.9,-18.5,142.6,19.1
Running 3 Month,nan,82.2,-0.2,54.4,-16.6,151.1,19.7,87.99,3.4,95.93,5.7,91.7,-2.2,72.29,3.2,52.15,-11.8,138.6,17.1
Running 12 Month,nan,82.2,-5.8,52.1,-21.1,157.9,19.3,83.05,1.2,91.24,5.7,91.0,-4.2,68.29,-4.7,47.52,-16.6,143.7,14.3

Weekend,Current Month,83.9,-0.4,66.4,-11.2,126.3,12.2,92.78,7.2,103.16,-1.8,89.9,9.1,77.79,6.8,68.50,-12.8,113.6,22.4
(Fri-Sat),Year To Date,81.9,-5.3,62.6,-18.2,130.7,15.8,92.16,2.8,106.34,3.3,86.7,-0.5,75.47,-2.7,66.61,-15.6,113.3,15.3
nan,Running 3 Month,85.3,0.9,66.0,-12.3,129.2,15.0,94.68,3.8,109.73,4.5,86.3,-0.7,80.79,4.7,72.44,-8.3,111.5,14.3
nan,Running 12 Month,81.2,-8.0,62.3,-18.3,130.4,12.6,88.35,1.9,104.22,4.9,84.8,-2.9,71.75,-6.3,64.91,-14.3,110.5,9.3

Total,Current Month,83.7,-2.3,60.0,-15.0,139.5,15.0,89.21,5.1,96.06,-1.9,92.9,7.1,74.68,2.7,57.66,-16.7,129.5,23.2
nan,Year To Date,81.2,-4.8,55.0,-20.9,147.6,20.4,87.91,2.1,98.14,4.4,89.6,-2.2,71.36,-2.8,53.96,-17.4,132.2,17.7
nan,Running 3 Month,83.1,0.1,57.7,-15.2,143.9,18.1,89.95,3.6,100.41,5.4,89.6,-1.8,74.72,3.7,57.95,-10.6,128.9,16.0
nan,Running 12 Month,81.9,-6.4,55.0,-20.2,148.9,17.2,84.56,1.3,95.45,5.5,88.6,-3.9,69.28,-5.2,52.51,-15.8,131.9,12.6

Unnamed: 0,Sa,Su,Mo,Tu,We,Th,Fr,Sa.1,Su.1,Mo.1,Tu.1,We.1,Th.1,Fr.1,Sa.2,Su.2,Mo.2,Tu.2,We.2,Th.2,Fr.2,Sa.3,Su.3,Mo.3,Tu.3,We.3,Th.3,Fr.3,Sa.4,Su.4
pancy (%),June,nan,nan,nan,nan,nan,nan,nan,nan,nan,nan,nan,nan,nan,nan,nan,nan,nan,nan,nan,nan,nan,nan,nan,nan,nan,nan,nan,nan,nan
nan,1,2.0,3.0,4.0,5.0,6.0,7.0,8.0,9.0,10.0,11.0,12.0,13.0,14.0,15.0,16.0,17.0,18.0,19.0,20.0,21.0,22.0,23.0,24.0,25.0,26.0,27.0,28.0,29.0,30.0
My Property,86.0,88.7,78.0,75.3,70.0,76.0,82.0,77.3,84.7,84.7,82.0,86.7,81.3,80.0,78.7,82.0,88.7,94.7,97.3,94.7,96.0,89.3,77.3,87.3,86.7,88.7,90.7,88.7,76.7,61.3
Competitive Set,72.4,58.3,50.2,51.2,50.8,54.7,61.0,64.3,46.3,54.1,68.0,66.9,58.9,65.7,62.7,51.2,56.3,69.8,75.9,76.4,77.3,74.7,50.3,49.4,59.4,61.0,55.2,58.4,62.3,39.9
Index (MPI),118.8,152.1,155.4,147.2,137.8,139.0,134.3,120.3,182.8,156.6,120.5,129.5,138.0,121.8,125.5,160.2,157.5,135.6,128.2,123.9,124.2,119.7,153.7,176.7,145.8,145.2,164.3,151.8,123.1,153.6
Chg,nan,nan,nan,nan,nan,nan,nan,nan,nan,nan,nan,nan,nan,nan,nan,nan,nan,nan,nan,nan,nan,nan,nan,nan,nan,nan,nan,nan,nan,nan
My Property,1.6,4.7,-10.0,-10.3,-21.6,-13.0,-5.4,-3.3,-4.5,0.8,1.7,3.2,-6.9,-5.5,-4.8,4.2,3.9,13.6,6.6,5.2,13.4,7.2,-12.8,-1.5,3.2,0.0,4.6,3.9,-1.7,-27.6
Competitive Set,-6.5,-0.1,-16.0,-21.0,-23.7,-20.0,-20.0,-23.6,-36.0,-11.7,1.5,12.2,-11.0,-5.9,-18.3,-12.7,-21.4,-17.5,-12.1,-11.0,-4.1,-0.7,-25.6,-32.6,-18.5,-18.0,-18.9,-7.8,-9.0,-30.9
Index (MPI),8.7,4.8,7.2,13.5,2.7,8.7,18.3,26.5,49.1,14.1,0.2,-8.1,4.6,0.4,16.5,19.4,32.2,37.7,21.2,18.2,18.3,7.9,17.2,46.1,26.6,22.0,29.0,12.6,8.0,4.8
ADR,June,nan,nan,nan,nan,nan,nan,nan,nan,nan,nan,nan,nan,nan,nan,nan,nan,nan,nan,nan,nan,nan,nan,nan,nan,nan,nan,nan,nan,nan
nan,1,2.0,3.0,4.0,5.0,6.0,7.0,8.0,9.0,10.0,11.0,12.0,13.0,14.0,15.0,16.0,17.0,18.0,19.0,20.0,21.0,22.0,23.0,24.0,25.0,26.0,27.0,28.0,29.0,30.0
My Property,93.71,79.65,78.59,78.69,81.47,77.74,84.03,90.52,88.14,88.12,91.16,82.97,83.83,88.07,90.03,85.18,83.0,93.78,93.44,91.12,96.05,97.81,88.06,85.84,100.8,97.98,99.49,99.54,93.31,84.77
Competitive Set,106.25,81.93,85.97,83.07,85.35,87.04,96.55,95.71,84.12,92.24,99.14,92.84,96.97,102.61,98.39,82.41,92.21,107.57,117.32,118.45,125.03,114.35,84.52,84.21,86.82,87.45,85.42,91.33,90.79,79.22
Index (ARI),88.2,97.2,91.4,94.7,95.4,89.3,87.0,94.6,104.8,95.5,92.0,89.4,86.4,85.8,91.5,103.4,90.0,87.2,79.6,76.9,76.8,85.5,104.2,101.9,116.1,112.0,116.5,109.0,102.8,107.0
Chg,nan,nan,nan,nan,nan,nan,nan,nan,nan,nan,nan,nan,nan,nan,nan,nan,nan,nan,nan,nan,nan,nan,nan,nan,nan,nan,nan,nan,nan,nan
My Property,9.9,0.9,-4.1,-8.2,1.0,-4.0,6.4,3.4,8.1,10.2,14.9,4.4,8.1,-2.3,0.5,4.8,-9.3,-1.2,-0.1,-0.7,6.4,9.6,-0.7,-4.6,18.6,20.4,14.0,13.5,8.8,2.1
Competitive Set,5.6,-6.1,-1.7,-8.3,-4.4,-3.8,-8.4,-15.4,-5.9,8.0,12.7,4.3,9.6,4.6,-0.4,-4.6,-4.0,-0.3,1.5,1.7,6.1,1.4,-8.2,-12.9,-9.5,-5.1,-5.2,-3.5,-3.2,-9.3
Index (ARI),4.0,7.4,-2.4,0.1,5.6,-0.2,16.2,22.2,14.9,2.0,1.9,0.1,-1.4,-6.6,1.0,9.8,-5.5,-0.9,-1.5,-2.3,0.3,8.1,8.2,9.5,31.0,26.9,20.2,17.6,12.4,12.6
evPAR,June,nan,nan,nan,nan,nan,nan,nan,nan,nan,nan,nan,nan,nan,nan,nan,nan,nan,nan,nan,nan,nan,nan,nan,nan,nan,nan,nan,nan,nan
nan,1,2.0,3.0,4.0,5.0,6.0,7.0,8.0,9.0,10.0,11.0,12.0,13.0,14.0,15.0,16.0,17.0,18.0,19.0,20.0,21.0,22.0,23.0,24.0,25.0,26.0,27.0,28.0,29.0,30.0
My Property,80.59,70.62,61.3,59.28,57.03,59.08,68.9,70.0,74.62,74.61,74.75,71.91,68.18,70.45,70.83,69.85,73.59,88.78,90.95,86.26,92.21,87.37,68.1,74.96,87.36,86.88,90.2,88.26,71.54,51.99
Competitive Set,76.94,47.77,43.15,42.52,43.37,47.6,58.94,61.54,38.96,49.86,67.45,62.13,57.14,67.38,61.67,42.18,51.92,75.07,89.05,90.5,96.62,85.37,42.52,41.63,51.6,53.39,47.14,53.36,56.56,31.64
Index (RGI),104.7,147.8,142.1,139.4,131.5,124.1,116.9,113.8,191.5,149.6,110.8,115.7,119.3,104.6,114.9,165.6,141.7,118.3,102.1,95.3,95.4,102.3,160.1,180.1,169.3,162.7,191.4,165.4,126.5,164.3
Chg,nan,nan,nan,nan,nan,nan,nan,nan,nan,nan,nan,nan,nan,nan,nan,nan,nan,nan,nan,nan,nan,nan,nan,nan,nan,nan,nan,nan,nan,nan
My Property,11.6,5.6,-13.7,-17.7,-20.9,-16.5,0.7,0.0,3.2,11.0,16.8,7.8,0.6,-7.7,-4.3,9.2,-5.8,12.2,6.5,4.4,20.6,17.5,-13.4,-6.1,22.3,20.4,19.3,17.9,6.9,-26.1
Competitive Set,-1.2,-6.2,-17.5,-27.5,-27.1,-23.0,-26.8,-35.4,-39.7,-4.6,14.4,17.1,-2.4,-1.5,-18.7,-16.7,-24.5,-17.8,-10.8,-9.6,1.7,0.7,-31.7,-41.3,-26.2,-22.2,-23.1,-10.9,-11.9,-37.3
Index (RGI),13.0,12.6,4.6,13.6,8.5,8.5,37.5,54.7,71.3,16.4,2.1,-8.0,3.2,-6.2,17.7,31.1,24.9,36.4,19.3,15.5,18.6,16.7,26.8,60.0,65.9,54.7,55.1,32.4,21.4,17.9

Unnamed: 0,1,Frito-Lay Inc. *,2,Woot Services LLC *
E C O N O M Y  &  M A J O R  E M P L O Y E R S,3.0,Texas Health Resources *,4,Texas Instruments *
nan,nan,nan,6,Lockheed Martin

Unnamed: 0,T R A N S P O R TAT I O N
6,nan
nan,"The area is connected to the rest of the nation by way of Interstates 20, 30, 35,"
INTERSTATES CROSS THE METRO,"45, 345, 635 and 820, along with other major thoroughfares."
DALLAS HAS,"Dallas Area Rapid Transit covers Dallas and 12 surrounding cities, consisting"
nan,of buses and a light rail system. Trinity Railway Express and Amtrak provide
nan,passenger rail service.
2,nan
MAJOR AIRLINES BASED LOCALLY,nan
nan,"Freight-serving lines in the region include Union Pacific, BNSF and Kansas"
nan,"City Southern. BNSF is headquartered in Fort Worth. Via rail to Houston Port,"
nan,"and Highways 20 and 45, the International Inland Port of Dallas connects the"
LESS THAN,region to global markets and trade.
4,nan
nan,Two airports that service passengers are Dallas/Fort Worth International and
HOURS OF FLIGHT TIME TO EAST OR WEST COASTS,"Dallas Love Field, while Fort Worth Alliance is the center of a major cargo"
nan,alliance. There are also 13 smaller airports in the area.
MORE THAN,nan
nan,The Alliance Global Logistics Hub is one of two intermodal facilities in Texas
8 0,"that connects road, rail and air."

Marcus & Millichap,9002994,tim.speck@marcusmillichap.com,972-755-5200
Licensed Broker/Broker Firm Name or Primary Assumed Business Name,License No.,Email,Phone
Tim A. Speck,432723,tim.speck@marcusmillichap.com,972-755-5200
Designated Broker of Firm,License No.,Email,Phone
Licensed Supervisor of Sales Agent/Associate,License No.,Email,Phone
Sales Agent/Associate’s Name,License No.,Email,Phone
egulated by the Texas Real Estate Commission,nan,nan,Information available at ww
